{"cameraMode":{"drawMode":0,"name":"Shaded","section":"Shading Mode"},"sceneLighting":false,"audioPlay":false,"sceneViewState":{"m_AlwaysRefresh":false,"showFog":true,"showSkybox":false,"showFlares":true,"showImageEffects":true,"showParticleSystems":true,"showVisualEffectGraphs":true,"m_FxEnabled":true},"in2DMode":false,"pivot":{"x":-0.006438016891479492,"y":-0.19999998807907105,"z":-0.02500000037252903},"rotation":{"x":-0.05922645702958107,"y":0.8701770901679993,"z":-0.10746624320745468,"w":-0.4774571657180786},"size":0.9006237387657166,"orthographic":false}