{"cameraMode":{"drawMode":0,"name":"Shaded","section":"Shading Mode"},"sceneLighting":false,"audioPlay":false,"sceneViewState":{"m_AlwaysRefresh":false,"showFog":true,"showSkybox":false,"showFlares":true,"showImageEffects":true,"showParticleSystems":true,"showVisualEffectGraphs":true,"m_FxEnabled":true},"in2DMode":false,"pivot":{"x":0.0040000081062316898,"y":-0.6174999475479126,"z":-3.725290298461914e-9},"rotation":{"x":0.00032266112975776196,"y":0.991013765335083,"z":-0.13399918377399445,"w":0.002117092488333583},"size":0.15331749618053437,"orthographic":false}