{"cameraMode":{"drawMode":0,"name":"Shaded","section":"Shading Mode"},"sceneLighting":false,"audioPlay":false,"sceneViewState":{"m_AlwaysRefresh":false,"showFog":true,"showSkybox":false,"showFlares":true,"showImageEffects":true,"showParticleSystems":true,"showVisualEffectGraphs":true,"m_FxEnabled":true},"in2DMode":false,"pivot":{"x":1.9398366212844849,"y":-0.39545780420303347,"z":1.748927116394043},"rotation":{"x":-0.19719991087913514,"y":-0.35168126225471499,"z":0.07622701674699784,"w":-0.9120638966560364},"size":2.0757830142974855,"orthographic":false}