{"cameraMode":{"drawMode":0,"name":"Shaded","section":"Shading Mode"},"sceneLighting":false,"audioPlay":false,"sceneViewState":{"m_AlwaysRefresh":false,"showFog":true,"showSkybox":false,"showFlares":true,"showImageEffects":true,"showParticleSystems":true,"showVisualEffectGraphs":true,"m_FxEnabled":true},"in2DMode":false,"pivot":{"x":4.594756126403809,"y":0.17139986157417298,"z":1.6652179956436158},"rotation":{"x":0.6882940530776978,"y":0.013707473874092102,"z":-0.7251969575881958,"w":0.013007909059524536},"size":0.17180652916431428,"orthographic":true}