{"cameraMode":{"drawMode":0,"name":"Shaded","section":"Shading Mode"},"sceneLighting":false,"audioPlay":false,"sceneViewState":{"m_AlwaysRefresh":false,"showFog":true,"showSkybox":false,"showFlares":true,"showImageEffects":true,"showParticleSystems":true,"showVisualEffectGraphs":true,"m_FxEnabled":true},"in2DMode":false,"pivot":{"x":0.4498535394668579,"y":0.3894825279712677,"z":-0.3634430170059204},"rotation":{"x":-0.03236024081707001,"y":0.9667859673500061,"z":-0.1534954458475113,"w":-0.20235547423362733},"size":0.6812658905982971,"orthographic":false}