{"cameraMode":{"drawMode":0,"name":"Shaded","section":"Shading Mode"},"sceneLighting":false,"audioPlay":false,"sceneViewState":{"m_AlwaysRefresh":false,"showFog":true,"showSkybox":false,"showFlares":true,"showImageEffects":true,"showParticleSystems":true,"showVisualEffectGraphs":true,"m_FxEnabled":true},"in2DMode":false,"pivot":{"x":6.670199871063232,"y":3.120150089263916,"z":-1.0123000144958497},"rotation":{"x":0.014482262544333935,"y":-0.6111173033714294,"z":0.011193943209946156,"w":0.7913393378257752},"size":0.3856916129589081,"orthographic":true}