{"cameraMode":{"drawMode":0,"name":"Shaded","section":"Shading Mode"},"sceneLighting":false,"audioPlay":false,"sceneViewState":{"m_AlwaysRefresh":false,"showFog":true,"showSkybox":false,"showFlares":true,"showImageEffects":true,"showParticleSystems":true,"showVisualEffectGraphs":true,"m_FxEnabled":true},"in2DMode":false,"pivot":{"x":1.027687668800354,"y":-0.1963375061750412,"z":-0.3808007836341858},"rotation":{"x":-0.09026840329170227,"y":0.9090641736984253,"z":-0.26478782296180727,"w":-0.30914804339408877},"size":0.9209403991699219,"orthographic":false}