{"cameraMode":{"drawMode":0,"name":"Shaded","section":"Shading Mode"},"sceneLighting":false,"audioPlay":false,"sceneViewState":{"m_AlwaysRefresh":false,"showFog":true,"showSkybox":false,"showFlares":true,"showImageEffects":true,"showParticleSystems":true,"showVisualEffectGraphs":true,"m_FxEnabled":true},"in2DMode":false,"pivot":{"x":6.645096302032471,"y":3.115539789199829,"z":-1.2435768842697144},"rotation":{"x":0.993392288684845,"y":-0.005831197369843721,"z":-0.09866691380739212,"w":-0.058779191225767139},"size":0.27966928482055666,"orthographic":true}